word,0,1,2,3,4
aback,a,b,a,c,k
abase,a,b,a,s,e
abate,a,b,a,t,e
abbey,a,b,b,e,y
abbot,a,b,b,o,t
abhor,a,b,h,o,r
abide,a,b,i,d,e
abled,a,b,l,e,d
abode,a,b,o,d,e
abort,a,b,o,r,t
about,a,b,o,u,t
above,a,b,o,v,e
abuse,a,b,u,s,e
abyss,a,b,y,s,s
acorn,a,c,o,r,n
acrid,a,c,r,i,d
actor,a,c,t,o,r
acute,a,c,u,t,e
adage,a,d,a,g,e
adapt,a,d,a,p,t
adept,a,d,e,p,t
admin,a,d,m,i,n
admit,a,d,m,i,t
adobe,a,d,o,b,e
adopt,a,d,o,p,t
adore,a,d,o,r,e
adorn,a,d,o,r,n
adult,a,d,u,l,t
affix,a,f,f,i,x
afire,a,f,i,r,e
afoot,a,f,o,o,t
afoul,a,f,o,u,l
after,a,f,t,e,r
again,a,g,a,i,n
agape,a,g,a,p,e
agate,a,g,a,t,e
agent,a,g,e,n,t
agile,a,g,i,l,e
aging,a,g,i,n,g
aglow,a,g,l,o,w
agony,a,g,o,n,y
agree,a,g,r,e,e
ahead,a,h,e,a,d
aider,a,i,d,e,r
aisle,a,i,s,l,e
alarm,a,l,a,r,m
album,a,l,b,u,m
alert,a,l,e,r,t
algae,a,l,g,a,e
alibi,a,l,i,b,i
alien,a,l,i,e,n
align,a,l,i,g,n
alike,a,l,i,k,e
alive,a,l,i,v,e
allay,a,l,l,a,y
alley,a,l,l,e,y
allot,a,l,l,o,t
allow,a,l,l,o,w
alloy,a,l,l,o,y
aloft,a,l,o,f,t
alone,a,l,o,n,e
along,a,l,o,n,g
aloof,a,l,o,o,f
aloud,a,l,o,u,d
alpha,a,l,p,h,a
altar,a,l,t,a,r
alter,a,l,t,e,r
amass,a,m,a,s,s
amaze,a,m,a,z,e
amber,a,m,b,e,r
amble,a,m,b,l,e
amend,a,m,e,n,d
amiss,a,m,i,s,s
amity,a,m,i,t,y
among,a,m,o,n,g
ample,a,m,p,l,e
amply,a,m,p,l,y
amuse,a,m,u,s,e
angel,a,n,g,e,l
anger,a,n,g,e,r
angle,a,n,g,l,e
angry,a,n,g,r,y
angst,a,n,g,s,t
anime,a,n,i,m,e
ankle,a,n,k,l,e
annex,a,n,n,e,x
annoy,a,n,n,o,y
annul,a,n,n,u,l
anode,a,n,o,d,e
antic,a,n,t,i,c
anvil,a,n,v,i,l
aorta,a,o,r,t,a
apart,a,p,a,r,t
aphid,a,p,h,i,d
aping,a,p,i,n,g
apnea,a,p,n,e,a
apple,a,p,p,l,e
apply,a,p,p,l,y
apron,a,p,r,o,n
aptly,a,p,t,l,y
arbor,a,r,b,o,r
ardor,a,r,d,o,r
arena,a,r,e,n,a
argue,a,r,g,u,e
arise,a,r,i,s,e
armor,a,r,m,o,r
aroma,a,r,o,m,a
arose,a,r,o,s,e
array,a,r,r,a,y
arrow,a,r,r,o,w
arson,a,r,s,o,n
artsy,a,r,t,s,y
ascot,a,s,c,o,t
ashen,a,s,h,e,n
aside,a,s,i,d,e
askew,a,s,k,e,w
assay,a,s,s,a,y
asset,a,s,s,e,t
atoll,a,t,o,l,l
atone,a,t,o,n,e
attic,a,t,t,i,c
audio,a,u,d,i,o
audit,a,u,d,i,t
augur,a,u,g,u,r
aunty,a,u,n,t,y
avail,a,v,a,i,l
avert,a,v,e,r,t
avian,a,v,i,a,n
avoid,a,v,o,i,d
await,a,w,a,i,t
awake,a,w,a,k,e
award,a,w,a,r,d
aware,a,w,a,r,e
awash,a,w,a,s,h
awful,a,w,f,u,l
awoke,a,w,o,k,e
axial,a,x,i,a,l
axiom,a,x,i,o,m
axion,a,x,i,o,n
azure,a,z,u,r,e
bacon,b,a,c,o,n
badge,b,a,d,g,e
badly,b,a,d,l,y
bagel,b,a,g,e,l
baggy,b,a,g,g,y
baker,b,a,k,e,r
baler,b,a,l,e,r
balmy,b,a,l,m,y
banal,b,a,n,a,l
banjo,b,a,n,j,o
barge,b,a,r,g,e
baron,b,a,r,o,n
basal,b,a,s,a,l
basic,b,a,s,i,c
basil,b,a,s,i,l
basin,b,a,s,i,n
basis,b,a,s,i,s
baste,b,a,s,t,e
batch,b,a,t,c,h
bathe,b,a,t,h,e
baton,b,a,t,o,n
batty,b,a,t,t,y
bawdy,b,a,w,d,y
bayou,b,a,y,o,u
beach,b,e,a,c,h
beady,b,e,a,d,y
beard,b,e,a,r,d
beast,b,e,a,s,t
beech,b,e,e,c,h
beefy,b,e,e,f,y
befit,b,e,f,i,t
began,b,e,g,a,n
begat,b,e,g,a,t
beget,b,e,g,e,t
begin,b,e,g,i,n
begun,b,e,g,u,n
being,b,e,i,n,g
belch,b,e,l,c,h
belie,b,e,l,i,e
belle,b,e,l,l,e
belly,b,e,l,l,y
below,b,e,l,o,w
bench,b,e,n,c,h
beret,b,e,r,e,t
berry,b,e,r,r,y
berth,b,e,r,t,h
beset,b,e,s,e,t
betel,b,e,t,e,l
bevel,b,e,v,e,l
bezel,b,e,z,e,l
bible,b,i,b,l,e
bicep,b,i,c,e,p
biddy,b,i,d,d,y
bigot,b,i,g,o,t
bilge,b,i,l,g,e
billy,b,i,l,l,y
binge,b,i,n,g,e
bingo,b,i,n,g,o
biome,b,i,o,m,e
birch,b,i,r,c,h
birth,b,i,r,t,h
bison,b,i,s,o,n
bitty,b,i,t,t,y
black,b,l,a,c,k
blade,b,l,a,d,e
blame,b,l,a,m,e
bland,b,l,a,n,d
blank,b,l,a,n,k
blare,b,l,a,r,e
blast,b,l,a,s,t
blaze,b,l,a,z,e
bleak,b,l,e,a,k
bleat,b,l,e,a,t
bleed,b,l,e,e,d
bleep,b,l,e,e,p
blend,b,l,e,n,d
bless,b,l,e,s,s
blimp,b,l,i,m,p
blind,b,l,i,n,d
blink,b,l,i,n,k
bliss,b,l,i,s,s
blitz,b,l,i,t,z
bloat,b,l,o,a,t
block,b,l,o,c,k
bloke,b,l,o,k,e
blond,b,l,o,n,d
blood,b,l,o,o,d
bloom,b,l,o,o,m
blown,b,l,o,w,n
bluer,b,l,u,e,r
bluff,b,l,u,f,f
blunt,b,l,u,n,t
blurb,b,l,u,r,b
blurt,b,l,u,r,t
blush,b,l,u,s,h
board,b,o,a,r,d
boast,b,o,a,s,t
bobby,b,o,b,b,y
boney,b,o,n,e,y
bongo,b,o,n,g,o
bonus,b,o,n,u,s
booby,b,o,o,b,y
boost,b,o,o,s,t
booth,b,o,o,t,h
booty,b,o,o,t,y
booze,b,o,o,z,e
boozy,b,o,o,z,y
borax,b,o,r,a,x
borne,b,o,r,n,e
bosom,b,o,s,o,m
bossy,b,o,s,s,y
botch,b,o,t,c,h
bough,b,o,u,g,h
boule,b,o,u,l,e
bound,b,o,u,n,d
bowel,b,o,w,e,l
boxer,b,o,x,e,r
brace,b,r,a,c,e
braid,b,r,a,i,d
brain,b,r,a,i,n
brake,b,r,a,k,e
brand,b,r,a,n,d
brash,b,r,a,s,h
brass,b,r,a,s,s
brave,b,r,a,v,e
bravo,b,r,a,v,o
brawl,b,r,a,w,l
brawn,b,r,a,w,n
bread,b,r,e,a,d
break,b,r,e,a,k
breed,b,r,e,e,d
briar,b,r,i,a,r
bribe,b,r,i,b,e
brick,b,r,i,c,k
bride,b,r,i,d,e
brief,b,r,i,e,f
brine,b,r,i,n,e
bring,b,r,i,n,g
brink,b,r,i,n,k
briny,b,r,i,n,y
brisk,b,r,i,s,k
broad,b,r,o,a,d
broil,b,r,o,i,l
broke,b,r,o,k,e
brood,b,r,o,o,d
brook,b,r,o,o,k
broom,b,r,o,o,m
broth,b,r,o,t,h
brown,b,r,o,w,n
brunt,b,r,u,n,t
brush,b,r,u,s,h
brute,b,r,u,t,e
buddy,b,u,d,d,y
budge,b,u,d,g,e
buggy,b,u,g,g,y
bugle,b,u,g,l,e
build,b,u,i,l,d
built,b,u,i,l,t
bulge,b,u,l,g,e
bulky,b,u,l,k,y
bully,b,u,l,l,y
bunch,b,u,n,c,h
bunny,b,u,n,n,y
burly,b,u,r,l,y
burnt,b,u,r,n,t
burst,b,u,r,s,t
bused,b,u,s,e,d
bushy,b,u,s,h,y
butch,b,u,t,c,h
butte,b,u,t,t,e
buxom,b,u,x,o,m
buyer,b,u,y,e,r
bylaw,b,y,l,a,w
cabal,c,a,b,a,l
cabby,c,a,b,b,y
cabin,c,a,b,i,n
cable,c,a,b,l,e
cacao,c,a,c,a,o
cache,c,a,c,h,e
cacti,c,a,c,t,i
caddy,c,a,d,d,y
cadet,c,a,d,e,t
cagey,c,a,g,e,y
cairn,c,a,i,r,n
camel,c,a,m,e,l
cameo,c,a,m,e,o
canal,c,a,n,a,l
candy,c,a,n,d,y
canny,c,a,n,n,y
canoe,c,a,n,o,e
canon,c,a,n,o,n
caper,c,a,p,e,r
caput,c,a,p,u,t
carat,c,a,r,a,t
cargo,c,a,r,g,o
carol,c,a,r,o,l
carry,c,a,r,r,y
carve,c,a,r,v,e
caste,c,a,s,t,e
catch,c,a,t,c,h
cater,c,a,t,e,r
catty,c,a,t,t,y
caulk,c,a,u,l,k
cause,c,a,u,s,e
cavil,c,a,v,i,l
cease,c,e,a,s,e
cedar,c,e,d,a,r
cello,c,e,l,l,o
chafe,c,h,a,f,e
chaff,c,h,a,f,f
chain,c,h,a,i,n
chair,c,h,a,i,r
chalk,c,h,a,l,k
champ,c,h,a,m,p
chant,c,h,a,n,t
chaos,c,h,a,o,s
chard,c,h,a,r,d
charm,c,h,a,r,m
chart,c,h,a,r,t
chase,c,h,a,s,e
chasm,c,h,a,s,m
cheap,c,h,e,a,p
cheat,c,h,e,a,t
check,c,h,e,c,k
cheek,c,h,e,e,k
cheer,c,h,e,e,r
chess,c,h,e,s,s
chest,c,h,e,s,t
chick,c,h,i,c,k
chide,c,h,i,d,e
chief,c,h,i,e,f
child,c,h,i,l,d
chili,c,h,i,l,i
chill,c,h,i,l,l
chime,c,h,i,m,e
china,c,h,i,n,a
chirp,c,h,i,r,p
chock,c,h,o,c,k
choir,c,h,o,i,r
choke,c,h,o,k,e
chord,c,h,o,r,d
chore,c,h,o,r,e
chose,c,h,o,s,e
chuck,c,h,u,c,k
chump,c,h,u,m,p
chunk,c,h,u,n,k
churn,c,h,u,r,n
chute,c,h,u,t,e
cider,c,i,d,e,r
cigar,c,i,g,a,r
cinch,c,i,n,c,h
circa,c,i,r,c,a
civic,c,i,v,i,c
civil,c,i,v,i,l
clack,c,l,a,c,k
claim,c,l,a,i,m
clamp,c,l,a,m,p
clang,c,l,a,n,g
clank,c,l,a,n,k
clash,c,l,a,s,h
clasp,c,l,a,s,p
class,c,l,a,s,s
clean,c,l,e,a,n
clear,c,l,e,a,r
cleat,c,l,e,a,t
cleft,c,l,e,f,t
clerk,c,l,e,r,k
click,c,l,i,c,k
cliff,c,l,i,f,f
climb,c,l,i,m,b
cling,c,l,i,n,g
clink,c,l,i,n,k
cloak,c,l,o,a,k
clock,c,l,o,c,k
clone,c,l,o,n,e
close,c,l,o,s,e
cloth,c,l,o,t,h
cloud,c,l,o,u,d
clout,c,l,o,u,t
clove,c,l,o,v,e
clown,c,l,o,w,n
cluck,c,l,u,c,k
clued,c,l,u,e,d
clump,c,l,u,m,p
clung,c,l,u,n,g
coach,c,o,a,c,h
coast,c,o,a,s,t
cobra,c,o,b,r,a
cocoa,c,o,c,o,a
colon,c,o,l,o,n
color,c,o,l,o,r
comet,c,o,m,e,t
comfy,c,o,m,f,y
comic,c,o,m,i,c
comma,c,o,m,m,a
conch,c,o,n,c,h
condo,c,o,n,d,o
conic,c,o,n,i,c
copse,c,o,p,s,e
coral,c,o,r,a,l
corer,c,o,r,e,r
corny,c,o,r,n,y
couch,c,o,u,c,h
cough,c,o,u,g,h
could,c,o,u,l,d
count,c,o,u,n,t
coupe,c,o,u,p,e
court,c,o,u,r,t
coven,c,o,v,e,n
cover,c,o,v,e,r
covet,c,o,v,e,t
covey,c,o,v,e,y
cower,c,o,w,e,r
coyly,c,o,y,l,y
crack,c,r,a,c,k
craft,c,r,a,f,t
cramp,c,r,a,m,p
crane,c,r,a,n,e
crank,c,r,a,n,k
crash,c,r,a,s,h
crass,c,r,a,s,s
crate,c,r,a,t,e
crave,c,r,a,v,e
crawl,c,r,a,w,l
craze,c,r,a,z,e
crazy,c,r,a,z,y
creak,c,r,e,a,k
cream,c,r,e,a,m
credo,c,r,e,d,o
creed,c,r,e,e,d
creek,c,r,e,e,k
creep,c,r,e,e,p
creme,c,r,e,m,e
crepe,c,r,e,p,e
crept,c,r,e,p,t
cress,c,r,e,s,s
crest,c,r,e,s,t
crick,c,r,i,c,k
cried,c,r,i,e,d
crier,c,r,i,e,r
crime,c,r,i,m,e
crimp,c,r,i,m,p
crisp,c,r,i,s,p
croak,c,r,o,a,k
crock,c,r,o,c,k
crone,c,r,o,n,e
crony,c,r,o,n,y
crook,c,r,o,o,k
cross,c,r,o,s,s
croup,c,r,o,u,p
crowd,c,r,o,w,d
crown,c,r,o,w,n
crude,c,r,u,d,e
cruel,c,r,u,e,l
crumb,c,r,u,m,b
crump,c,r,u,m,p
crush,c,r,u,s,h
crust,c,r,u,s,t
crypt,c,r,y,p,t
cubic,c,u,b,i,c
cumin,c,u,m,i,n
curio,c,u,r,i,o
curly,c,u,r,l,y
curry,c,u,r,r,y
curse,c,u,r,s,e
curve,c,u,r,v,e
curvy,c,u,r,v,y
cutie,c,u,t,i,e
cyber,c,y,b,e,r
cycle,c,y,c,l,e
cynic,c,y,n,i,c
daddy,d,a,d,d,y
daily,d,a,i,l,y
dairy,d,a,i,r,y
daisy,d,a,i,s,y
dally,d,a,l,l,y
dance,d,a,n,c,e
dandy,d,a,n,d,y
datum,d,a,t,u,m
daunt,d,a,u,n,t
dealt,d,e,a,l,t
death,d,e,a,t,h
debar,d,e,b,a,r
debit,d,e,b,i,t
debug,d,e,b,u,g
debut,d,e,b,u,t
decal,d,e,c,a,l
decay,d,e,c,a,y
decor,d,e,c,o,r
decoy,d,e,c,o,y
decry,d,e,c,r,y
defer,d,e,f,e,r
deign,d,e,i,g,n
deity,d,e,i,t,y
delay,d,e,l,a,y
delta,d,e,l,t,a
delve,d,e,l,v,e
demon,d,e,m,o,n
demur,d,e,m,u,r
denim,d,e,n,i,m
dense,d,e,n,s,e
depot,d,e,p,o,t
depth,d,e,p,t,h
derby,d,e,r,b,y
deter,d,e,t,e,r
detox,d,e,t,o,x
deuce,d,e,u,c,e
devil,d,e,v,i,l
diary,d,i,a,r,y
dicey,d,i,c,e,y
digit,d,i,g,i,t
dilly,d,i,l,l,y
dimly,d,i,m,l,y
diner,d,i,n,e,r
dingo,d,i,n,g,o
dingy,d,i,n,g,y
diode,d,i,o,d,e
dirge,d,i,r,g,e
dirty,d,i,r,t,y
disco,d,i,s,c,o
ditch,d,i,t,c,h
ditto,d,i,t,t,o
ditty,d,i,t,t,y
diver,d,i,v,e,r
dizzy,d,i,z,z,y
dodge,d,o,d,g,e
dodgy,d,o,d,g,y
dogma,d,o,g,m,a
doing,d,o,i,n,g
dolly,d,o,l,l,y
donor,d,o,n,o,r
donut,d,o,n,u,t
dopey,d,o,p,e,y
doubt,d,o,u,b,t
dough,d,o,u,g,h
dowdy,d,o,w,d,y
dowel,d,o,w,e,l
downy,d,o,w,n,y
dowry,d,o,w,r,y
dozen,d,o,z,e,n
draft,d,r,a,f,t
drain,d,r,a,i,n
drake,d,r,a,k,e
drama,d,r,a,m,a
drank,d,r,a,n,k
drape,d,r,a,p,e
drawl,d,r,a,w,l
drawn,d,r,a,w,n
dread,d,r,e,a,d
dream,d,r,e,a,m
dress,d,r,e,s,s
dried,d,r,i,e,d
drier,d,r,i,e,r
drift,d,r,i,f,t
drill,d,r,i,l,l
drink,d,r,i,n,k
drive,d,r,i,v,e
droit,d,r,o,i,t
droll,d,r,o,l,l
drone,d,r,o,n,e
drool,d,r,o,o,l
droop,d,r,o,o,p
dross,d,r,o,s,s
drove,d,r,o,v,e
drown,d,r,o,w,n
druid,d,r,u,i,d
drunk,d,r,u,n,k
dryer,d,r,y,e,r
dryly,d,r,y,l,y
duchy,d,u,c,h,y
dully,d,u,l,l,y
dummy,d,u,m,m,y
dumpy,d,u,m,p,y
dunce,d,u,n,c,e
dusky,d,u,s,k,y
dusty,d,u,s,t,y
dutch,d,u,t,c,h
duvet,d,u,v,e,t
dwarf,d,w,a,r,f
dwell,d,w,e,l,l
dwelt,d,w,e,l,t
dying,d,y,i,n,g
eager,e,a,g,e,r
eagle,e,a,g,l,e
early,e,a,r,l,y
earth,e,a,r,t,h
easel,e,a,s,e,l
eaten,e,a,t,e,n
eater,e,a,t,e,r
ebony,e,b,o,n,y
eclat,e,c,l,a,t
edict,e,d,i,c,t
edify,e,d,i,f,y
eerie,e,e,r,i,e
egret,e,g,r,e,t
eight,e,i,g,h,t
eject,e,j,e,c,t
eking,e,k,i,n,g
elate,e,l,a,t,e
elbow,e,l,b,o,w
elder,e,l,d,e,r
elect,e,l,e,c,t
elegy,e,l,e,g,y
elfin,e,l,f,i,n
elide,e,l,i,d,e
elite,e,l,i,t,e
elope,e,l,o,p,e
elude,e,l,u,d,e
email,e,m,a,i,l
embed,e,m,b,e,d
ember,e,m,b,e,r
emcee,e,m,c,e,e
empty,e,m,p,t,y
enact,e,n,a,c,t
endow,e,n,d,o,w
enema,e,n,e,m,a
enemy,e,n,e,m,y
enjoy,e,n,j,o,y
ennui,e,n,n,u,i
ensue,e,n,s,u,e
enter,e,n,t,e,r
entry,e,n,t,r,y
envoy,e,n,v,o,y
epoch,e,p,o,c,h
epoxy,e,p,o,x,y
equal,e,q,u,a,l
equip,e,q,u,i,p
erase,e,r,a,s,e
erect,e,r,e,c,t
erode,e,r,o,d,e
error,e,r,r,o,r
erupt,e,r,u,p,t
essay,e,s,s,a,y
ester,e,s,t,e,r
ether,e,t,h,e,r
ethic,e,t,h,i,c
ethos,e,t,h,o,s
etude,e,t,u,d,e
evade,e,v,a,d,e
event,e,v,e,n,t
every,e,v,e,r,y
evict,e,v,i,c,t
evoke,e,v,o,k,e
exact,e,x,a,c,t
exalt,e,x,a,l,t
excel,e,x,c,e,l
exert,e,x,e,r,t
exile,e,x,i,l,e
exist,e,x,i,s,t
expel,e,x,p,e,l
extol,e,x,t,o,l
extra,e,x,t,r,a
exult,e,x,u,l,t
eying,e,y,i,n,g
fable,f,a,b,l,e
facet,f,a,c,e,t
faint,f,a,i,n,t
fairy,f,a,i,r,y
faith,f,a,i,t,h
FALSE,F,A,L,S,E
fancy,f,a,n,c,y
fanny,f,a,n,n,y
farce,f,a,r,c,e
fatal,f,a,t,a,l
fatty,f,a,t,t,y
fault,f,a,u,l,t
fauna,f,a,u,n,a
favor,f,a,v,o,r
feast,f,e,a,s,t
fecal,f,e,c,a,l
feign,f,e,i,g,n
fella,f,e,l,l,a
felon,f,e,l,o,n
femme,f,e,m,m,e
femur,f,e,m,u,r
fence,f,e,n,c,e
feral,f,e,r,a,l
ferry,f,e,r,r,y
fetal,f,e,t,a,l
fetch,f,e,t,c,h
fetid,f,e,t,i,d
fetus,f,e,t,u,s
fever,f,e,v,e,r
fewer,f,e,w,e,r
fiber,f,i,b,e,r
ficus,f,i,c,u,s
field,f,i,e,l,d
fiend,f,i,e,n,d
fiery,f,i,e,r,y
fifth,f,i,f,t,h
fifty,f,i,f,t,y
fight,f,i,g,h,t
filer,f,i,l,e,r
filet,f,i,l,e,t
filly,f,i,l,l,y
filmy,f,i,l,m,y
filth,f,i,l,t,h
final,f,i,n,a,l
finch,f,i,n,c,h
finer,f,i,n,e,r
first,f,i,r,s,t
fishy,f,i,s,h,y
fixer,f,i,x,e,r
fizzy,f,i,z,z,y
fjord,f,j,o,r,d
flack,f,l,a,c,k
flail,f,l,a,i,l
flair,f,l,a,i,r
flake,f,l,a,k,e
flaky,f,l,a,k,y
flame,f,l,a,m,e
flank,f,l,a,n,k
flare,f,l,a,r,e
flash,f,l,a,s,h
flask,f,l,a,s,k
fleck,f,l,e,c,k
fleet,f,l,e,e,t
flesh,f,l,e,s,h
flick,f,l,i,c,k
flier,f,l,i,e,r
fling,f,l,i,n,g
flint,f,l,i,n,t
flirt,f,l,i,r,t
float,f,l,o,a,t
flock,f,l,o,c,k
flood,f,l,o,o,d
floor,f,l,o,o,r
flora,f,l,o,r,a
floss,f,l,o,s,s
flour,f,l,o,u,r
flout,f,l,o,u,t
flown,f,l,o,w,n
fluff,f,l,u,f,f
fluid,f,l,u,i,d
fluke,f,l,u,k,e
flume,f,l,u,m,e
flung,f,l,u,n,g
flunk,f,l,u,n,k
flush,f,l,u,s,h
flute,f,l,u,t,e
flyer,f,l,y,e,r
foamy,f,o,a,m,y
focal,f,o,c,a,l
focus,f,o,c,u,s
foggy,f,o,g,g,y
foist,f,o,i,s,t
folio,f,o,l,i,o
folly,f,o,l,l,y
foray,f,o,r,a,y
force,f,o,r,c,e
forge,f,o,r,g,e
forgo,f,o,r,g,o
forte,f,o,r,t,e
forth,f,o,r,t,h
forty,f,o,r,t,y
forum,f,o,r,u,m
found,f,o,u,n,d
foyer,f,o,y,e,r
frail,f,r,a,i,l
frame,f,r,a,m,e
frank,f,r,a,n,k
fraud,f,r,a,u,d
freak,f,r,e,a,k
freed,f,r,e,e,d
freer,f,r,e,e,r
fresh,f,r,e,s,h
friar,f,r,i,a,r
fried,f,r,i,e,d
frill,f,r,i,l,l
frisk,f,r,i,s,k
fritz,f,r,i,t,z
frock,f,r,o,c,k
frond,f,r,o,n,d
front,f,r,o,n,t
frost,f,r,o,s,t
froth,f,r,o,t,h
frown,f,r,o,w,n
froze,f,r,o,z,e
fruit,f,r,u,i,t
fudge,f,u,d,g,e
fugue,f,u,g,u,e
fully,f,u,l,l,y
fungi,f,u,n,g,i
funky,f,u,n,k,y
funny,f,u,n,n,y
furor,f,u,r,o,r
furry,f,u,r,r,y
fussy,f,u,s,s,y
fuzzy,f,u,z,z,y
gaffe,g,a,f,f,e
gaily,g,a,i,l,y
gamer,g,a,m,e,r
gamma,g,a,m,m,a
gamut,g,a,m,u,t
gassy,g,a,s,s,y
gaudy,g,a,u,d,y
gauge,g,a,u,g,e
gaunt,g,a,u,n,t
gauze,g,a,u,z,e
gavel,g,a,v,e,l
gawky,g,a,w,k,y
gayer,g,a,y,e,r
gayly,g,a,y,l,y
gazer,g,a,z,e,r
gecko,g,e,c,k,o
geeky,g,e,e,k,y
geese,g,e,e,s,e
genie,g,e,n,i,e
genre,g,e,n,r,e
ghost,g,h,o,s,t
ghoul,g,h,o,u,l
giant,g,i,a,n,t
giddy,g,i,d,d,y
gipsy,g,i,p,s,y
girly,g,i,r,l,y
girth,g,i,r,t,h
given,g,i,v,e,n
giver,g,i,v,e,r
glade,g,l,a,d,e
gland,g,l,a,n,d
glare,g,l,a,r,e
glass,g,l,a,s,s
glaze,g,l,a,z,e
gleam,g,l,e,a,m
glean,g,l,e,a,n
glide,g,l,i,d,e
glint,g,l,i,n,t
gloat,g,l,o,a,t
globe,g,l,o,b,e
gloom,g,l,o,o,m
glory,g,l,o,r,y
gloss,g,l,o,s,s
glove,g,l,o,v,e
glyph,g,l,y,p,h
gnash,g,n,a,s,h
gnome,g,n,o,m,e
godly,g,o,d,l,y
going,g,o,i,n,g
golem,g,o,l,e,m
golly,g,o,l,l,y
gonad,g,o,n,a,d
goner,g,o,n,e,r
goody,g,o,o,d,y
gooey,g,o,o,e,y
goofy,g,o,o,f,y
goose,g,o,o,s,e
gorge,g,o,r,g,e
gouge,g,o,u,g,e
gourd,g,o,u,r,d
grace,g,r,a,c,e
grade,g,r,a,d,e
graft,g,r,a,f,t
grail,g,r,a,i,l
grain,g,r,a,i,n
grand,g,r,a,n,d
grant,g,r,a,n,t
grape,g,r,a,p,e
graph,g,r,a,p,h
grasp,g,r,a,s,p
grass,g,r,a,s,s
grate,g,r,a,t,e
grave,g,r,a,v,e
gravy,g,r,a,v,y
graze,g,r,a,z,e
great,g,r,e,a,t
greed,g,r,e,e,d
green,g,r,e,e,n
greet,g,r,e,e,t
grief,g,r,i,e,f
grill,g,r,i,l,l
grime,g,r,i,m,e
grimy,g,r,i,m,y
grind,g,r,i,n,d
gripe,g,r,i,p,e
groan,g,r,o,a,n
groin,g,r,o,i,n
groom,g,r,o,o,m
grope,g,r,o,p,e
gross,g,r,o,s,s
group,g,r,o,u,p
grout,g,r,o,u,t
grove,g,r,o,v,e
growl,g,r,o,w,l
grown,g,r,o,w,n
gruel,g,r,u,e,l
gruff,g,r,u,f,f
grunt,g,r,u,n,t
guard,g,u,a,r,d
guava,g,u,a,v,a
guess,g,u,e,s,s
guest,g,u,e,s,t
guide,g,u,i,d,e
guild,g,u,i,l,d
guile,g,u,i,l,e
guilt,g,u,i,l,t
guise,g,u,i,s,e
gulch,g,u,l,c,h
gully,g,u,l,l,y
gumbo,g,u,m,b,o
gummy,g,u,m,m,y
guppy,g,u,p,p,y
gusto,g,u,s,t,o
gusty,g,u,s,t,y
gypsy,g,y,p,s,y
habit,h,a,b,i,t
hairy,h,a,i,r,y
halve,h,a,l,v,e
handy,h,a,n,d,y
happy,h,a,p,p,y
hardy,h,a,r,d,y
harem,h,a,r,e,m
harpy,h,a,r,p,y
harry,h,a,r,r,y
harsh,h,a,r,s,h
haste,h,a,s,t,e
hasty,h,a,s,t,y
hatch,h,a,t,c,h
hater,h,a,t,e,r
haunt,h,a,u,n,t
haute,h,a,u,t,e
haven,h,a,v,e,n
havoc,h,a,v,o,c
hazel,h,a,z,e,l
heady,h,e,a,d,y
heard,h,e,a,r,d
heart,h,e,a,r,t
heath,h,e,a,t,h
heave,h,e,a,v,e
heavy,h,e,a,v,y
hedge,h,e,d,g,e
hefty,h,e,f,t,y
heist,h,e,i,s,t
helix,h,e,l,i,x
hello,h,e,l,l,o
hence,h,e,n,c,e
heron,h,e,r,o,n
hilly,h,i,l,l,y
hinge,h,i,n,g,e
hippo,h,i,p,p,o
hippy,h,i,p,p,y
hitch,h,i,t,c,h
hoard,h,o,a,r,d
hobby,h,o,b,b,y
hoist,h,o,i,s,t
holly,h,o,l,l,y
homer,h,o,m,e,r
honey,h,o,n,e,y
honor,h,o,n,o,r
horde,h,o,r,d,e
horny,h,o,r,n,y
horse,h,o,r,s,e
hotel,h,o,t,e,l
hotly,h,o,t,l,y
hound,h,o,u,n,d
house,h,o,u,s,e
hovel,h,o,v,e,l
hover,h,o,v,e,r
howdy,h,o,w,d,y
human,h,u,m,a,n
humid,h,u,m,i,d
humor,h,u,m,o,r
humph,h,u,m,p,h
humus,h,u,m,u,s
hunch,h,u,n,c,h
hunky,h,u,n,k,y
hurry,h,u,r,r,y
husky,h,u,s,k,y
hussy,h,u,s,s,y
hutch,h,u,t,c,h
hydro,h,y,d,r,o
hyena,h,y,e,n,a
hymen,h,y,m,e,n
hyper,h,y,p,e,r
icily,i,c,i,l,y
icing,i,c,i,n,g
ideal,i,d,e,a,l
idiom,i,d,i,o,m
idiot,i,d,i,o,t
idler,i,d,l,e,r
idyll,i,d,y,l,l
igloo,i,g,l,o,o
iliac,i,l,i,a,c
image,i,m,a,g,e
imbue,i,m,b,u,e
impel,i,m,p,e,l
imply,i,m,p,l,y
inane,i,n,a,n,e
inbox,i,n,b,o,x
incur,i,n,c,u,r
index,i,n,d,e,x
inept,i,n,e,p,t
inert,i,n,e,r,t
infer,i,n,f,e,r
ingot,i,n,g,o,t
inlay,i,n,l,a,y
inlet,i,n,l,e,t
inner,i,n,n,e,r
input,i,n,p,u,t
inter,i,n,t,e,r
intro,i,n,t,r,o
ionic,i,o,n,i,c
irate,i,r,a,t,e
irony,i,r,o,n,y
islet,i,s,l,e,t
issue,i,s,s,u,e
itchy,i,t,c,h,y
ivory,i,v,o,r,y
jaunt,j,a,u,n,t
jazzy,j,a,z,z,y
jelly,j,e,l,l,y
jerky,j,e,r,k,y
jetty,j,e,t,t,y
jewel,j,e,w,e,l
jiffy,j,i,f,f,y
joint,j,o,i,n,t
joist,j,o,i,s,t
joker,j,o,k,e,r
jolly,j,o,l,l,y
joust,j,o,u,s,t
judge,j,u,d,g,e
juice,j,u,i,c,e
juicy,j,u,i,c,y
jumbo,j,u,m,b,o
jumpy,j,u,m,p,y
junta,j,u,n,t,a
junto,j,u,n,t,o
juror,j,u,r,o,r
kappa,k,a,p,p,a
karma,k,a,r,m,a
kayak,k,a,y,a,k
kebab,k,e,b,a,b
khaki,k,h,a,k,i
kinky,k,i,n,k,y
kiosk,k,i,o,s,k
kitty,k,i,t,t,y
knack,k,n,a,c,k
knave,k,n,a,v,e
knead,k,n,e,a,d
kneed,k,n,e,e,d
kneel,k,n,e,e,l
knelt,k,n,e,l,t
knife,k,n,i,f,e
knock,k,n,o,c,k
knoll,k,n,o,l,l
known,k,n,o,w,n
koala,k,o,a,l,a
krill,k,r,i,l,l
label,l,a,b,e,l
labor,l,a,b,o,r
laden,l,a,d,e,n
ladle,l,a,d,l,e
lager,l,a,g,e,r
lance,l,a,n,c,e
lanky,l,a,n,k,y
lapel,l,a,p,e,l
lapse,l,a,p,s,e
large,l,a,r,g,e
larva,l,a,r,v,a
lasso,l,a,s,s,o
latch,l,a,t,c,h
later,l,a,t,e,r
lathe,l,a,t,h,e
latte,l,a,t,t,e
laugh,l,a,u,g,h
layer,l,a,y,e,r
leach,l,e,a,c,h
leafy,l,e,a,f,y
leaky,l,e,a,k,y
leant,l,e,a,n,t
leapt,l,e,a,p,t
learn,l,e,a,r,n
lease,l,e,a,s,e
leash,l,e,a,s,h
least,l,e,a,s,t
leave,l,e,a,v,e
ledge,l,e,d,g,e
leech,l,e,e,c,h
leery,l,e,e,r,y
lefty,l,e,f,t,y
legal,l,e,g,a,l
leggy,l,e,g,g,y
lemon,l,e,m,o,n
lemur,l,e,m,u,r
leper,l,e,p,e,r
level,l,e,v,e,l
lever,l,e,v,e,r
libel,l,i,b,e,l
liege,l,i,e,g,e
light,l,i,g,h,t
liken,l,i,k,e,n
lilac,l,i,l,a,c
limbo,l,i,m,b,o
limit,l,i,m,i,t
linen,l,i,n,e,n
liner,l,i,n,e,r
lingo,l,i,n,g,o
lipid,l,i,p,i,d
lithe,l,i,t,h,e
liver,l,i,v,e,r
livid,l,i,v,i,d
llama,l,l,a,m,a
loamy,l,o,a,m,y
loath,l,o,a,t,h
lobby,l,o,b,b,y
local,l,o,c,a,l
locus,l,o,c,u,s
lodge,l,o,d,g,e
lofty,l,o,f,t,y
logic,l,o,g,i,c
login,l,o,g,i,n
loopy,l,o,o,p,y
loose,l,o,o,s,e
lorry,l,o,r,r,y
loser,l,o,s,e,r
louse,l,o,u,s,e
lousy,l,o,u,s,y
lover,l,o,v,e,r
lower,l,o,w,e,r
lowly,l,o,w,l,y
loyal,l,o,y,a,l
lucid,l,u,c,i,d
lucky,l,u,c,k,y
lumen,l,u,m,e,n
lumpy,l,u,m,p,y
lunar,l,u,n,a,r
lunch,l,u,n,c,h
lunge,l,u,n,g,e
lupus,l,u,p,u,s
lurch,l,u,r,c,h
lurid,l,u,r,i,d
lusty,l,u,s,t,y
lying,l,y,i,n,g
lymph,l,y,m,p,h
lyric,l,y,r,i,c
macaw,m,a,c,a,w
macho,m,a,c,h,o
macro,m,a,c,r,o
madam,m,a,d,a,m
madly,m,a,d,l,y
mafia,m,a,f,i,a
magic,m,a,g,i,c
magma,m,a,g,m,a
maize,m,a,i,z,e
major,m,a,j,o,r
maker,m,a,k,e,r
mambo,m,a,m,b,o
mamma,m,a,m,m,a
mammy,m,a,m,m,y
manga,m,a,n,g,a
mange,m,a,n,g,e
mango,m,a,n,g,o
mangy,m,a,n,g,y
mania,m,a,n,i,a
manic,m,a,n,i,c
manly,m,a,n,l,y
manor,m,a,n,o,r
maple,m,a,p,l,e
march,m,a,r,c,h
marry,m,a,r,r,y
marsh,m,a,r,s,h
mason,m,a,s,o,n
masse,m,a,s,s,e
match,m,a,t,c,h
matey,m,a,t,e,y
mauve,m,a,u,v,e
maxim,m,a,x,i,m
maybe,m,a,y,b,e
mayor,m,a,y,o,r
mealy,m,e,a,l,y
meant,m,e,a,n,t
meaty,m,e,a,t,y
mecca,m,e,c,c,a
medal,m,e,d,a,l
media,m,e,d,i,a
medic,m,e,d,i,c
melee,m,e,l,e,e
melon,m,e,l,o,n
mercy,m,e,r,c,y
merge,m,e,r,g,e
merit,m,e,r,i,t
merry,m,e,r,r,y
metal,m,e,t,a,l
meter,m,e,t,e,r
metro,m,e,t,r,o
micro,m,i,c,r,o
midge,m,i,d,g,e
midst,m,i,d,s,t
might,m,i,g,h,t
milky,m,i,l,k,y
mimic,m,i,m,i,c
mince,m,i,n,c,e
miner,m,i,n,e,r
minim,m,i,n,i,m
minor,m,i,n,o,r
minty,m,i,n,t,y
minus,m,i,n,u,s
mirth,m,i,r,t,h
miser,m,i,s,e,r
missy,m,i,s,s,y
mocha,m,o,c,h,a
modal,m,o,d,a,l
model,m,o,d,e,l
modem,m,o,d,e,m
mogul,m,o,g,u,l
moist,m,o,i,s,t
molar,m,o,l,a,r
moldy,m,o,l,d,y
money,m,o,n,e,y
month,m,o,n,t,h
moody,m,o,o,d,y
moose,m,o,o,s,e
moral,m,o,r,a,l
moron,m,o,r,o,n
morph,m,o,r,p,h
mossy,m,o,s,s,y
motel,m,o,t,e,l
motif,m,o,t,i,f
motor,m,o,t,o,r
motto,m,o,t,t,o
moult,m,o,u,l,t
mound,m,o,u,n,d
mount,m,o,u,n,t
mourn,m,o,u,r,n
mouse,m,o,u,s,e
mouth,m,o,u,t,h
mover,m,o,v,e,r
movie,m,o,v,i,e
mower,m,o,w,e,r
mucky,m,u,c,k,y
mucus,m,u,c,u,s
muddy,m,u,d,d,y
mulch,m,u,l,c,h
mummy,m,u,m,m,y
munch,m,u,n,c,h
mural,m,u,r,a,l
murky,m,u,r,k,y
mushy,m,u,s,h,y
music,m,u,s,i,c
musky,m,u,s,k,y
musty,m,u,s,t,y
myrrh,m,y,r,r,h
nadir,n,a,d,i,r
naive,n,a,i,v,e
nanny,n,a,n,n,y
nasal,n,a,s,a,l
nasty,n,a,s,t,y
natal,n,a,t,a,l
naval,n,a,v,a,l
navel,n,a,v,e,l
needy,n,e,e,d,y
neigh,n,e,i,g,h
nerdy,n,e,r,d,y
nerve,n,e,r,v,e
never,n,e,v,e,r
newer,n,e,w,e,r
newly,n,e,w,l,y
nicer,n,i,c,e,r
niche,n,i,c,h,e
niece,n,i,e,c,e
night,n,i,g,h,t
ninja,n,i,n,j,a
ninny,n,i,n,n,y
ninth,n,i,n,t,h
noble,n,o,b,l,e
nobly,n,o,b,l,y
noise,n,o,i,s,e
noisy,n,o,i,s,y
nomad,n,o,m,a,d
noose,n,o,o,s,e
north,n,o,r,t,h
nosey,n,o,s,e,y
notch,n,o,t,c,h
novel,n,o,v,e,l
nudge,n,u,d,g,e
nurse,n,u,r,s,e
nutty,n,u,t,t,y
nylon,n,y,l,o,n
nymph,n,y,m,p,h
oaken,o,a,k,e,n
obese,o,b,e,s,e
occur,o,c,c,u,r
ocean,o,c,e,a,n
octal,o,c,t,a,l
octet,o,c,t,e,t
odder,o,d,d,e,r
oddly,o,d,d,l,y
offal,o,f,f,a,l
offer,o,f,f,e,r
often,o,f,t,e,n
olden,o,l,d,e,n
older,o,l,d,e,r
olive,o,l,i,v,e
ombre,o,m,b,r,e
omega,o,m,e,g,a
onion,o,n,i,o,n
onset,o,n,s,e,t
opera,o,p,e,r,a
opine,o,p,i,n,e
opium,o,p,i,u,m
optic,o,p,t,i,c
orbit,o,r,b,i,t
order,o,r,d,e,r
organ,o,r,g,a,n
other,o,t,h,e,r
otter,o,t,t,e,r
ought,o,u,g,h,t
ounce,o,u,n,c,e
outdo,o,u,t,d,o
outer,o,u,t,e,r
outgo,o,u,t,g,o
ovary,o,v,a,r,y
ovate,o,v,a,t,e
overt,o,v,e,r,t
ovine,o,v,i,n,e
ovoid,o,v,o,i,d
owing,o,w,i,n,g
owner,o,w,n,e,r
oxide,o,x,i,d,e
ozone,o,z,o,n,e
paddy,p,a,d,d,y
pagan,p,a,g,a,n
paint,p,a,i,n,t
paler,p,a,l,e,r
palsy,p,a,l,s,y
panel,p,a,n,e,l
panic,p,a,n,i,c
pansy,p,a,n,s,y
papal,p,a,p,a,l
paper,p,a,p,e,r
parer,p,a,r,e,r
parka,p,a,r,k,a
parry,p,a,r,r,y
parse,p,a,r,s,e
party,p,a,r,t,y
pasta,p,a,s,t,a
paste,p,a,s,t,e
pasty,p,a,s,t,y
patch,p,a,t,c,h
patio,p,a,t,i,o
patsy,p,a,t,s,y
patty,p,a,t,t,y
pause,p,a,u,s,e
payee,p,a,y,e,e
payer,p,a,y,e,r
peace,p,e,a,c,e
peach,p,e,a,c,h
pearl,p,e,a,r,l
pecan,p,e,c,a,n
pedal,p,e,d,a,l
penal,p,e,n,a,l
pence,p,e,n,c,e
penne,p,e,n,n,e
penny,p,e,n,n,y
perch,p,e,r,c,h
peril,p,e,r,i,l
perky,p,e,r,k,y
pesky,p,e,s,k,y
pesto,p,e,s,t,o
petal,p,e,t,a,l
petty,p,e,t,t,y
phase,p,h,a,s,e
phone,p,h,o,n,e
phony,p,h,o,n,y
photo,p,h,o,t,o
piano,p,i,a,n,o
picky,p,i,c,k,y
piece,p,i,e,c,e
piety,p,i,e,t,y
piggy,p,i,g,g,y
pilot,p,i,l,o,t
pinch,p,i,n,c,h
piney,p,i,n,e,y
pinky,p,i,n,k,y
pinto,p,i,n,t,o
piper,p,i,p,e,r
pique,p,i,q,u,e
pitch,p,i,t,c,h
pithy,p,i,t,h,y
pivot,p,i,v,o,t
pixel,p,i,x,e,l
pixie,p,i,x,i,e
pizza,p,i,z,z,a
place,p,l,a,c,e
plaid,p,l,a,i,d
plain,p,l,a,i,n
plait,p,l,a,i,t
plane,p,l,a,n,e
plank,p,l,a,n,k
plant,p,l,a,n,t
plate,p,l,a,t,e
plaza,p,l,a,z,a
plead,p,l,e,a,d
pleat,p,l,e,a,t
plied,p,l,i,e,d
plier,p,l,i,e,r
pluck,p,l,u,c,k
plumb,p,l,u,m,b
plume,p,l,u,m,e
plump,p,l,u,m,p
plunk,p,l,u,n,k
plush,p,l,u,s,h
poesy,p,o,e,s,y
point,p,o,i,n,t
poise,p,o,i,s,e
poker,p,o,k,e,r
polar,p,o,l,a,r
polka,p,o,l,k,a
polyp,p,o,l,y,p
pooch,p,o,o,c,h
poppy,p,o,p,p,y
porch,p,o,r,c,h
poser,p,o,s,e,r
posit,p,o,s,i,t
posse,p,o,s,s,e
pouch,p,o,u,c,h
pound,p,o,u,n,d
pouty,p,o,u,t,y
power,p,o,w,e,r
prank,p,r,a,n,k
prawn,p,r,a,w,n
preen,p,r,e,e,n
press,p,r,e,s,s
price,p,r,i,c,e
prick,p,r,i,c,k
pride,p,r,i,d,e
pried,p,r,i,e,d
prime,p,r,i,m,e
primo,p,r,i,m,o
print,p,r,i,n,t
prior,p,r,i,o,r
prism,p,r,i,s,m
privy,p,r,i,v,y
prize,p,r,i,z,e
probe,p,r,o,b,e
prone,p,r,o,n,e
prong,p,r,o,n,g
proof,p,r,o,o,f
prose,p,r,o,s,e
proud,p,r,o,u,d
prove,p,r,o,v,e
prowl,p,r,o,w,l
proxy,p,r,o,x,y
prude,p,r,u,d,e
prune,p,r,u,n,e
psalm,p,s,a,l,m
pubic,p,u,b,i,c
pudgy,p,u,d,g,y
puffy,p,u,f,f,y
pulpy,p,u,l,p,y
pulse,p,u,l,s,e
punch,p,u,n,c,h
pupil,p,u,p,i,l
puppy,p,u,p,p,y
puree,p,u,r,e,e
purer,p,u,r,e,r
purge,p,u,r,g,e
purse,p,u,r,s,e
pushy,p,u,s,h,y
putty,p,u,t,t,y
pygmy,p,y,g,m,y
quack,q,u,a,c,k
quail,q,u,a,i,l
quake,q,u,a,k,e
qualm,q,u,a,l,m
quark,q,u,a,r,k
quart,q,u,a,r,t
quash,q,u,a,s,h
quasi,q,u,a,s,i
queen,q,u,e,e,n
queer,q,u,e,e,r
quell,q,u,e,l,l
query,q,u,e,r,y
quest,q,u,e,s,t
queue,q,u,e,u,e
quick,q,u,i,c,k
quiet,q,u,i,e,t
quill,q,u,i,l,l
quilt,q,u,i,l,t
quirk,q,u,i,r,k
quite,q,u,i,t,e
quota,q,u,o,t,a
quote,q,u,o,t,e
quoth,q,u,o,t,h
rabbi,r,a,b,b,i
rabid,r,a,b,i,d
racer,r,a,c,e,r
radar,r,a,d,a,r
radii,r,a,d,i,i
radio,r,a,d,i,o
rainy,r,a,i,n,y
raise,r,a,i,s,e
rajah,r,a,j,a,h
rally,r,a,l,l,y
ralph,r,a,l,p,h
ramen,r,a,m,e,n
ranch,r,a,n,c,h
randy,r,a,n,d,y
range,r,a,n,g,e
rapid,r,a,p,i,d
rarer,r,a,r,e,r
raspy,r,a,s,p,y
ratio,r,a,t,i,o
ratty,r,a,t,t,y
raven,r,a,v,e,n
rayon,r,a,y,o,n
razor,r,a,z,o,r
reach,r,e,a,c,h
react,r,e,a,c,t
ready,r,e,a,d,y
realm,r,e,a,l,m
rearm,r,e,a,r,m
rebar,r,e,b,a,r
rebel,r,e,b,e,l
rebus,r,e,b,u,s
rebut,r,e,b,u,t
recap,r,e,c,a,p
recur,r,e,c,u,r
recut,r,e,c,u,t
reedy,r,e,e,d,y
refer,r,e,f,e,r
refit,r,e,f,i,t
regal,r,e,g,a,l
rehab,r,e,h,a,b
reign,r,e,i,g,n
relax,r,e,l,a,x
relay,r,e,l,a,y
relic,r,e,l,i,c
remit,r,e,m,i,t
renal,r,e,n,a,l
renew,r,e,n,e,w
repay,r,e,p,a,y
repel,r,e,p,e,l
reply,r,e,p,l,y
rerun,r,e,r,u,n
reset,r,e,s,e,t
resin,r,e,s,i,n
retch,r,e,t,c,h
retro,r,e,t,r,o
retry,r,e,t,r,y
reuse,r,e,u,s,e
revel,r,e,v,e,l
revue,r,e,v,u,e
rhino,r,h,i,n,o
rhyme,r,h,y,m,e
rider,r,i,d,e,r
ridge,r,i,d,g,e
rifle,r,i,f,l,e
right,r,i,g,h,t
rigid,r,i,g,i,d
rigor,r,i,g,o,r
rinse,r,i,n,s,e
ripen,r,i,p,e,n
riper,r,i,p,e,r
risen,r,i,s,e,n
riser,r,i,s,e,r
risky,r,i,s,k,y
rival,r,i,v,a,l
river,r,i,v,e,r
rivet,r,i,v,e,t
roach,r,o,a,c,h
roast,r,o,a,s,t
robin,r,o,b,i,n
robot,r,o,b,o,t
rocky,r,o,c,k,y
rodeo,r,o,d,e,o
roger,r,o,g,e,r
rogue,r,o,g,u,e
roomy,r,o,o,m,y
roost,r,o,o,s,t
rotor,r,o,t,o,r
rouge,r,o,u,g,e
rough,r,o,u,g,h
round,r,o,u,n,d
rouse,r,o,u,s,e
route,r,o,u,t,e
rover,r,o,v,e,r
rowdy,r,o,w,d,y
rower,r,o,w,e,r
royal,r,o,y,a,l
ruddy,r,u,d,d,y
ruder,r,u,d,e,r
rugby,r,u,g,b,y
ruler,r,u,l,e,r
rumba,r,u,m,b,a
rumor,r,u,m,o,r
rupee,r,u,p,e,e
rural,r,u,r,a,l
rusty,r,u,s,t,y
sadly,s,a,d,l,y
safer,s,a,f,e,r
saint,s,a,i,n,t
salad,s,a,l,a,d
sally,s,a,l,l,y
salon,s,a,l,o,n
salsa,s,a,l,s,a
salty,s,a,l,t,y
salve,s,a,l,v,e
salvo,s,a,l,v,o
sandy,s,a,n,d,y
saner,s,a,n,e,r
sappy,s,a,p,p,y
sassy,s,a,s,s,y
satin,s,a,t,i,n
satyr,s,a,t,y,r
sauce,s,a,u,c,e
saucy,s,a,u,c,y
sauna,s,a,u,n,a
saute,s,a,u,t,e
savor,s,a,v,o,r
savoy,s,a,v,o,y
savvy,s,a,v,v,y
scald,s,c,a,l,d
scale,s,c,a,l,e
scalp,s,c,a,l,p
scaly,s,c,a,l,y
scamp,s,c,a,m,p
scant,s,c,a,n,t
scare,s,c,a,r,e
scarf,s,c,a,r,f
scary,s,c,a,r,y
scene,s,c,e,n,e
scent,s,c,e,n,t
scion,s,c,i,o,n
scoff,s,c,o,f,f
scold,s,c,o,l,d
scone,s,c,o,n,e
scoop,s,c,o,o,p
scope,s,c,o,p,e
score,s,c,o,r,e
scorn,s,c,o,r,n
scour,s,c,o,u,r
scout,s,c,o,u,t
scowl,s,c,o,w,l
scram,s,c,r,a,m
scrap,s,c,r,a,p
scree,s,c,r,e,e
screw,s,c,r,e,w
scrub,s,c,r,u,b
scrum,s,c,r,u,m
scuba,s,c,u,b,a
sedan,s,e,d,a,n
seedy,s,e,e,d,y
segue,s,e,g,u,e
seize,s,e,i,z,e
semen,s,e,m,e,n
sense,s,e,n,s,e
sepia,s,e,p,i,a
serif,s,e,r,i,f
serum,s,e,r,u,m
serve,s,e,r,v,e
setup,s,e,t,u,p
seven,s,e,v,e,n
sever,s,e,v,e,r
sewer,s,e,w,e,r
shack,s,h,a,c,k
shade,s,h,a,d,e
shady,s,h,a,d,y
shaft,s,h,a,f,t
shake,s,h,a,k,e
shaky,s,h,a,k,y
shale,s,h,a,l,e
shall,s,h,a,l,l
shalt,s,h,a,l,t
shame,s,h,a,m,e
shank,s,h,a,n,k
shape,s,h,a,p,e
shard,s,h,a,r,d
share,s,h,a,r,e
shark,s,h,a,r,k
sharp,s,h,a,r,p
shave,s,h,a,v,e
shawl,s,h,a,w,l
shear,s,h,e,a,r
sheen,s,h,e,e,n
sheep,s,h,e,e,p
sheer,s,h,e,e,r
sheet,s,h,e,e,t
sheik,s,h,e,i,k
shelf,s,h,e,l,f
shell,s,h,e,l,l
shied,s,h,i,e,d
shift,s,h,i,f,t
shine,s,h,i,n,e
shiny,s,h,i,n,y
shire,s,h,i,r,e
shirk,s,h,i,r,k
shirt,s,h,i,r,t
shoal,s,h,o,a,l
shock,s,h,o,c,k
shone,s,h,o,n,e
shook,s,h,o,o,k
shoot,s,h,o,o,t
shore,s,h,o,r,e
shorn,s,h,o,r,n
short,s,h,o,r,t
shout,s,h,o,u,t
shove,s,h,o,v,e
shown,s,h,o,w,n
showy,s,h,o,w,y
shrew,s,h,r,e,w
shrub,s,h,r,u,b
shrug,s,h,r,u,g
shuck,s,h,u,c,k
shunt,s,h,u,n,t
shush,s,h,u,s,h
shyly,s,h,y,l,y
siege,s,i,e,g,e
sieve,s,i,e,v,e
sight,s,i,g,h,t
sigma,s,i,g,m,a
silky,s,i,l,k,y
silly,s,i,l,l,y
since,s,i,n,c,e
sinew,s,i,n,e,w
singe,s,i,n,g,e
siren,s,i,r,e,n
sissy,s,i,s,s,y
sixth,s,i,x,t,h
sixty,s,i,x,t,y
skate,s,k,a,t,e
skier,s,k,i,e,r
skiff,s,k,i,f,f
skill,s,k,i,l,l
skimp,s,k,i,m,p
skirt,s,k,i,r,t
skulk,s,k,u,l,k
skull,s,k,u,l,l
skunk,s,k,u,n,k
slack,s,l,a,c,k
slain,s,l,a,i,n
slang,s,l,a,n,g
slant,s,l,a,n,t
slash,s,l,a,s,h
slate,s,l,a,t,e
sleek,s,l,e,e,k
sleep,s,l,e,e,p
sleet,s,l,e,e,t
slept,s,l,e,p,t
slice,s,l,i,c,e
slick,s,l,i,c,k
slide,s,l,i,d,e
slime,s,l,i,m,e
slimy,s,l,i,m,y
sling,s,l,i,n,g
slink,s,l,i,n,k
sloop,s,l,o,o,p
slope,s,l,o,p,e
slosh,s,l,o,s,h
sloth,s,l,o,t,h
slump,s,l,u,m,p
slung,s,l,u,n,g
slunk,s,l,u,n,k
slurp,s,l,u,r,p
slush,s,l,u,s,h
slyly,s,l,y,l,y
smack,s,m,a,c,k
small,s,m,a,l,l
smart,s,m,a,r,t
smash,s,m,a,s,h
smear,s,m,e,a,r
smell,s,m,e,l,l
smelt,s,m,e,l,t
smile,s,m,i,l,e
smirk,s,m,i,r,k
smite,s,m,i,t,e
smith,s,m,i,t,h
smock,s,m,o,c,k
smoke,s,m,o,k,e
smoky,s,m,o,k,y
smote,s,m,o,t,e
snack,s,n,a,c,k
snail,s,n,a,i,l
snake,s,n,a,k,e
snaky,s,n,a,k,y
snare,s,n,a,r,e
snarl,s,n,a,r,l
sneak,s,n,e,a,k
sneer,s,n,e,e,r
snide,s,n,i,d,e
sniff,s,n,i,f,f
snipe,s,n,i,p,e
snoop,s,n,o,o,p
snore,s,n,o,r,e
snort,s,n,o,r,t
snout,s,n,o,u,t
snowy,s,n,o,w,y
snuck,s,n,u,c,k
snuff,s,n,u,f,f
soapy,s,o,a,p,y
sober,s,o,b,e,r
soggy,s,o,g,g,y
solar,s,o,l,a,r
solid,s,o,l,i,d
solve,s,o,l,v,e
sonar,s,o,n,a,r
sonic,s,o,n,i,c
sooth,s,o,o,t,h
sooty,s,o,o,t,y
sorry,s,o,r,r,y
sound,s,o,u,n,d
south,s,o,u,t,h
sower,s,o,w,e,r
space,s,p,a,c,e
spade,s,p,a,d,e
spank,s,p,a,n,k
spare,s,p,a,r,e
spark,s,p,a,r,k
spasm,s,p,a,s,m
spawn,s,p,a,w,n
speak,s,p,e,a,k
spear,s,p,e,a,r
speck,s,p,e,c,k
speed,s,p,e,e,d
spell,s,p,e,l,l
spelt,s,p,e,l,t
spend,s,p,e,n,d
spent,s,p,e,n,t
sperm,s,p,e,r,m
spice,s,p,i,c,e
spicy,s,p,i,c,y
spied,s,p,i,e,d
spiel,s,p,i,e,l
spike,s,p,i,k,e
spiky,s,p,i,k,y
spill,s,p,i,l,l
spilt,s,p,i,l,t
spine,s,p,i,n,e
spiny,s,p,i,n,y
spire,s,p,i,r,e
spite,s,p,i,t,e
splat,s,p,l,a,t
split,s,p,l,i,t
spoil,s,p,o,i,l
spoke,s,p,o,k,e
spoof,s,p,o,o,f
spook,s,p,o,o,k
spool,s,p,o,o,l
spoon,s,p,o,o,n
spore,s,p,o,r,e
sport,s,p,o,r,t
spout,s,p,o,u,t
spray,s,p,r,a,y
spree,s,p,r,e,e
sprig,s,p,r,i,g
spunk,s,p,u,n,k
spurn,s,p,u,r,n
spurt,s,p,u,r,t
squad,s,q,u,a,d
squat,s,q,u,a,t
squib,s,q,u,i,b
stack,s,t,a,c,k
staff,s,t,a,f,f
stage,s,t,a,g,e
staid,s,t,a,i,d
stain,s,t,a,i,n
stair,s,t,a,i,r
stake,s,t,a,k,e
stale,s,t,a,l,e
stalk,s,t,a,l,k
stall,s,t,a,l,l
stamp,s,t,a,m,p
stand,s,t,a,n,d
stank,s,t,a,n,k
stare,s,t,a,r,e
stark,s,t,a,r,k
start,s,t,a,r,t
stash,s,t,a,s,h
state,s,t,a,t,e
stave,s,t,a,v,e
stead,s,t,e,a,d
steak,s,t,e,a,k
steal,s,t,e,a,l
steam,s,t,e,a,m
steed,s,t,e,e,d
steel,s,t,e,e,l
steep,s,t,e,e,p
steer,s,t,e,e,r
stein,s,t,e,i,n
stern,s,t,e,r,n
stick,s,t,i,c,k
stiff,s,t,i,f,f
still,s,t,i,l,l
stilt,s,t,i,l,t
sting,s,t,i,n,g
stink,s,t,i,n,k
stint,s,t,i,n,t
stock,s,t,o,c,k
stoic,s,t,o,i,c
stoke,s,t,o,k,e
stole,s,t,o,l,e
stomp,s,t,o,m,p
stone,s,t,o,n,e
stony,s,t,o,n,y
stood,s,t,o,o,d
stool,s,t,o,o,l
stoop,s,t,o,o,p
store,s,t,o,r,e
stork,s,t,o,r,k
storm,s,t,o,r,m
story,s,t,o,r,y
stout,s,t,o,u,t
stove,s,t,o,v,e
strap,s,t,r,a,p
straw,s,t,r,a,w
stray,s,t,r,a,y
strip,s,t,r,i,p
strut,s,t,r,u,t
stuck,s,t,u,c,k
study,s,t,u,d,y
stuff,s,t,u,f,f
stump,s,t,u,m,p
stung,s,t,u,n,g
stunk,s,t,u,n,k
stunt,s,t,u,n,t
style,s,t,y,l,e
suave,s,u,a,v,e
sugar,s,u,g,a,r
suing,s,u,i,n,g
suite,s,u,i,t,e
sulky,s,u,l,k,y
sully,s,u,l,l,y
sumac,s,u,m,a,c
sunny,s,u,n,n,y
super,s,u,p,e,r
surer,s,u,r,e,r
surge,s,u,r,g,e
surly,s,u,r,l,y
sushi,s,u,s,h,i
swami,s,w,a,m,i
swamp,s,w,a,m,p
swarm,s,w,a,r,m
swash,s,w,a,s,h
swath,s,w,a,t,h
swear,s,w,e,a,r
sweat,s,w,e,a,t
sweep,s,w,e,e,p
sweet,s,w,e,e,t
swell,s,w,e,l,l
swept,s,w,e,p,t
swift,s,w,i,f,t
swill,s,w,i,l,l
swine,s,w,i,n,e
swing,s,w,i,n,g
swirl,s,w,i,r,l
swish,s,w,i,s,h
swoon,s,w,o,o,n
swoop,s,w,o,o,p
sword,s,w,o,r,d
swore,s,w,o,r,e
sworn,s,w,o,r,n
swung,s,w,u,n,g
synod,s,y,n,o,d
syrup,s,y,r,u,p
tabby,t,a,b,b,y
table,t,a,b,l,e
taboo,t,a,b,o,o
tacit,t,a,c,i,t
tacky,t,a,c,k,y
taffy,t,a,f,f,y
taint,t,a,i,n,t
taken,t,a,k,e,n
taker,t,a,k,e,r
tally,t,a,l,l,y
talon,t,a,l,o,n
tamer,t,a,m,e,r
tango,t,a,n,g,o
tangy,t,a,n,g,y
taper,t,a,p,e,r
tapir,t,a,p,i,r
tardy,t,a,r,d,y
tarot,t,a,r,o,t
taste,t,a,s,t,e
tasty,t,a,s,t,y
tatty,t,a,t,t,y
taunt,t,a,u,n,t
tawny,t,a,w,n,y
teach,t,e,a,c,h
teary,t,e,a,r,y
tease,t,e,a,s,e
teddy,t,e,d,d,y
teeth,t,e,e,t,h
tempo,t,e,m,p,o
tenet,t,e,n,e,t
tenor,t,e,n,o,r
tense,t,e,n,s,e
tenth,t,e,n,t,h
tepee,t,e,p,e,e
tepid,t,e,p,i,d
terra,t,e,r,r,a
terse,t,e,r,s,e
testy,t,e,s,t,y
thank,t,h,a,n,k
theft,t,h,e,f,t
their,t,h,e,i,r
theme,t,h,e,m,e
there,t,h,e,r,e
these,t,h,e,s,e
theta,t,h,e,t,a
thick,t,h,i,c,k
thief,t,h,i,e,f
thigh,t,h,i,g,h
thing,t,h,i,n,g
think,t,h,i,n,k
third,t,h,i,r,d
thong,t,h,o,n,g
thorn,t,h,o,r,n
those,t,h,o,s,e
three,t,h,r,e,e
threw,t,h,r,e,w
throb,t,h,r,o,b
throw,t,h,r,o,w
thrum,t,h,r,u,m
thumb,t,h,u,m,b
thump,t,h,u,m,p
thyme,t,h,y,m,e
tiara,t,i,a,r,a
tibia,t,i,b,i,a
tidal,t,i,d,a,l
tiger,t,i,g,e,r
tight,t,i,g,h,t
tilde,t,i,l,d,e
timer,t,i,m,e,r
timid,t,i,m,i,d
tipsy,t,i,p,s,y
titan,t,i,t,a,n
tithe,t,i,t,h,e
title,t,i,t,l,e
toast,t,o,a,s,t
today,t,o,d,a,y
toddy,t,o,d,d,y
token,t,o,k,e,n
tonal,t,o,n,a,l
tonga,t,o,n,g,a
tonic,t,o,n,i,c
tooth,t,o,o,t,h
topaz,t,o,p,a,z
topic,t,o,p,i,c
torch,t,o,r,c,h
torso,t,o,r,s,o
torus,t,o,r,u,s
total,t,o,t,a,l
totem,t,o,t,e,m
touch,t,o,u,c,h
tough,t,o,u,g,h
towel,t,o,w,e,l
tower,t,o,w,e,r
toxic,t,o,x,i,c
toxin,t,o,x,i,n
trace,t,r,a,c,e
track,t,r,a,c,k
tract,t,r,a,c,t
trade,t,r,a,d,e
trail,t,r,a,i,l
train,t,r,a,i,n
trait,t,r,a,i,t
tramp,t,r,a,m,p
trash,t,r,a,s,h
trawl,t,r,a,w,l
tread,t,r,e,a,d
treat,t,r,e,a,t
trend,t,r,e,n,d
triad,t,r,i,a,d
trial,t,r,i,a,l
tribe,t,r,i,b,e
trice,t,r,i,c,e
trick,t,r,i,c,k
tried,t,r,i,e,d
tripe,t,r,i,p,e
trite,t,r,i,t,e
troll,t,r,o,l,l
troop,t,r,o,o,p
trope,t,r,o,p,e
trout,t,r,o,u,t
trove,t,r,o,v,e
truce,t,r,u,c,e
truck,t,r,u,c,k
truer,t,r,u,e,r
truly,t,r,u,l,y
trump,t,r,u,m,p
trunk,t,r,u,n,k
truss,t,r,u,s,s
trust,t,r,u,s,t
truth,t,r,u,t,h
tryst,t,r,y,s,t
tubal,t,u,b,a,l
tuber,t,u,b,e,r
tulip,t,u,l,i,p
tulle,t,u,l,l,e
tumor,t,u,m,o,r
tunic,t,u,n,i,c
turbo,t,u,r,b,o
tutor,t,u,t,o,r
twang,t,w,a,n,g
tweak,t,w,e,a,k
tweed,t,w,e,e,d
tweet,t,w,e,e,t
twice,t,w,i,c,e
twine,t,w,i,n,e
twirl,t,w,i,r,l
twist,t,w,i,s,t
twixt,t,w,i,x,t
tying,t,y,i,n,g
udder,u,d,d,e,r
ulcer,u,l,c,e,r
ultra,u,l,t,r,a
umbra,u,m,b,r,a
uncle,u,n,c,l,e
uncut,u,n,c,u,t
under,u,n,d,e,r
undid,u,n,d,i,d
undue,u,n,d,u,e
unfed,u,n,f,e,d
unfit,u,n,f,i,t
unify,u,n,i,f,y
union,u,n,i,o,n
unite,u,n,i,t,e
unity,u,n,i,t,y
unlit,u,n,l,i,t
unmet,u,n,m,e,t
unset,u,n,s,e,t
untie,u,n,t,i,e
until,u,n,t,i,l
unwed,u,n,w,e,d
unzip,u,n,z,i,p
upper,u,p,p,e,r
upset,u,p,s,e,t
urban,u,r,b,a,n
urine,u,r,i,n,e
usage,u,s,a,g,e
usher,u,s,h,e,r
using,u,s,i,n,g
usual,u,s,u,a,l
usurp,u,s,u,r,p
utile,u,t,i,l,e
utter,u,t,t,e,r
vague,v,a,g,u,e
valet,v,a,l,e,t
valid,v,a,l,i,d
valor,v,a,l,o,r
value,v,a,l,u,e
valve,v,a,l,v,e
vapid,v,a,p,i,d
vapor,v,a,p,o,r
vault,v,a,u,l,t
vaunt,v,a,u,n,t
vegan,v,e,g,a,n
venom,v,e,n,o,m
venue,v,e,n,u,e
verge,v,e,r,g,e
verse,v,e,r,s,e
verso,v,e,r,s,o
verve,v,e,r,v,e
vicar,v,i,c,a,r
video,v,i,d,e,o
vigil,v,i,g,i,l
vigor,v,i,g,o,r
villa,v,i,l,l,a
vinyl,v,i,n,y,l
viola,v,i,o,l,a
viper,v,i,p,e,r
viral,v,i,r,a,l
virus,v,i,r,u,s
visit,v,i,s,i,t
visor,v,i,s,o,r
vista,v,i,s,t,a
vital,v,i,t,a,l
vivid,v,i,v,i,d
vixen,v,i,x,e,n
vocal,v,o,c,a,l
vodka,v,o,d,k,a
vogue,v,o,g,u,e
voice,v,o,i,c,e
voila,v,o,i,l,a
vomit,v,o,m,i,t
voter,v,o,t,e,r
vouch,v,o,u,c,h
vowel,v,o,w,e,l
vying,v,y,i,n,g
wacky,w,a,c,k,y
wafer,w,a,f,e,r
wager,w,a,g,e,r
wagon,w,a,g,o,n
waist,w,a,i,s,t
waive,w,a,i,v,e
waltz,w,a,l,t,z
warty,w,a,r,t,y
waste,w,a,s,t,e
watch,w,a,t,c,h
water,w,a,t,e,r
waver,w,a,v,e,r
waxen,w,a,x,e,n
weary,w,e,a,r,y
weave,w,e,a,v,e
wedge,w,e,d,g,e
weedy,w,e,e,d,y
weigh,w,e,i,g,h
weird,w,e,i,r,d
welch,w,e,l,c,h
welsh,w,e,l,s,h
whack,w,h,a,c,k
whale,w,h,a,l,e
wharf,w,h,a,r,f
wheat,w,h,e,a,t
wheel,w,h,e,e,l
whelp,w,h,e,l,p
where,w,h,e,r,e
which,w,h,i,c,h
whiff,w,h,i,f,f
while,w,h,i,l,e
whine,w,h,i,n,e
whiny,w,h,i,n,y
whirl,w,h,i,r,l
whisk,w,h,i,s,k
white,w,h,i,t,e
whole,w,h,o,l,e
whoop,w,h,o,o,p
whose,w,h,o,s,e
widen,w,i,d,e,n
wider,w,i,d,e,r
widow,w,i,d,o,w
width,w,i,d,t,h
wield,w,i,e,l,d
wight,w,i,g,h,t
willy,w,i,l,l,y
wimpy,w,i,m,p,y
wince,w,i,n,c,e
winch,w,i,n,c,h
windy,w,i,n,d,y
wiser,w,i,s,e,r
wispy,w,i,s,p,y
witch,w,i,t,c,h
witty,w,i,t,t,y
woken,w,o,k,e,n
woman,w,o,m,a,n
women,w,o,m,e,n
woody,w,o,o,d,y
wooer,w,o,o,e,r
wooly,w,o,o,l,y
woozy,w,o,o,z,y
wordy,w,o,r,d,y
world,w,o,r,l,d
worry,w,o,r,r,y
worse,w,o,r,s,e
worst,w,o,r,s,t
worth,w,o,r,t,h
would,w,o,u,l,d
wound,w,o,u,n,d
woven,w,o,v,e,n
wrack,w,r,a,c,k
wrath,w,r,a,t,h
wreak,w,r,e,a,k
wreck,w,r,e,c,k
wrest,w,r,e,s,t
wring,w,r,i,n,g
wrist,w,r,i,s,t
write,w,r,i,t,e
wrong,w,r,o,n,g
wrote,w,r,o,t,e
wrung,w,r,u,n,g
wryly,w,r,y,l,y
yacht,y,a,c,h,t
yearn,y,e,a,r,n
yeast,y,e,a,s,t
yield,y,i,e,l,d
young,y,o,u,n,g
youth,y,o,u,t,h
zebra,z,e,b,r,a
zesty,z,e,s,t,y
zonal,z,o,n,a,l
